spring_id,model,horizon,nse,mae,rmse,smape,emissions training [kg CO₂],energy training [kWh],emissions inference [kg CO₂],energy inference [kWh],hidden_size,learning_rate,lstm_layers,type_flag
395012,TFT_LARGE_WEATHER,1,0.6939290325542213,0.25098521501716725,0.746660255172655,35.66979710080438,0.1720185790697692,1.5523461274028911,8.465584817416154e-05,0.0007639592117655267,96,0.0001,2,TRAIN
395012,TFT_LARGE_WEATHER,2,0.6765970430985364,0.2783264437909574,0.7689925084333712,39.20071857491975,0.1720185790697692,1.5523461274028911,8.465584817416154e-05,0.0007639592117655267,96,0.0001,2,TRAIN
395012,TFT_LARGE_WEATHER,3,0.6759913512671715,0.2894720327436677,0.7702869693529141,41.24330022608201,0.1720185790697692,1.5523461274028911,8.465584817416154e-05,0.0007639592117655267,96,0.0001,2,TRAIN
395012,TFT_LARGE_WEATHER,4,0.6960438590621865,0.2881876703643746,0.7460653895686181,42.757139138366625,0.1720185790697692,1.5523461274028911,8.465584817416154e-05,0.0007639592117655267,96,0.0001,2,TRAIN
395038,TFT_LARGE_WEATHER,1,0.9280516833382233,0.5007975490263196,0.9582627660872876,18.520825143195236,0.1720185790697692,1.5523461274028911,7.789267343112133e-05,0.000702926338583559,96,0.0001,2,TRAIN
395038,TFT_LARGE_WEATHER,2,0.9013286214101623,0.6055238460802208,1.1226522628804156,22.28320079734011,0.1720185790697692,1.5523461274028911,7.789267343112133e-05,0.000702926338583559,96,0.0001,2,TRAIN
395038,TFT_LARGE_WEATHER,3,0.890040377311402,0.6470052323463861,1.1820807974229284,24.130528517721167,0.1720185790697692,1.5523461274028911,7.789267343112133e-05,0.000702926338583559,96,0.0001,2,TRAIN
395038,TFT_LARGE_WEATHER,4,0.8895975797348852,0.6540512169273341,1.1832988220981708,24.615338695058412,0.1720185790697692,1.5523461274028911,7.789267343112133e-05,0.000702926338583559,96,0.0001,2,TRAIN
395053,TFT_LARGE_WEATHER,1,0.7799495526122465,0.1324535231042379,0.25209645264626757,44.949054450385475,0.1720185790697692,1.5523461274028911,8.217183562892497e-05,0.000741542753753429,96,0.0001,2,UNSEEN
395053,TFT_LARGE_WEATHER,2,0.6888132096277468,0.17006165344040824,0.29982912479903323,55.634456291763435,0.1720185790697692,1.5523461274028911,8.217183562892497e-05,0.000741542753753429,96,0.0001,2,UNSEEN
395053,TFT_LARGE_WEATHER,3,0.6187709246098199,0.19507596457109197,0.33192962080348365,63.10052769424429,0.1720185790697692,1.5523461274028911,8.217183562892497e-05,0.000741542753753429,96,0.0001,2,UNSEEN
395053,TFT_LARGE_WEATHER,4,0.5777500708083222,0.21081693047806596,0.34939786486744834,68.59360083320499,0.1720185790697692,1.5523461274028911,8.217183562892497e-05,0.000741542753753429,96,0.0001,2,UNSEEN
395079,TFT_LARGE_WEATHER,1,0.5379285052947506,0.2323399764824502,0.6149991277023245,86.27628491415994,0.1720185790697692,1.5523461274028911,9.773664963074275e-05,0.0008820042019884377,96,0.0001,2,TRAIN
395079,TFT_LARGE_WEATHER,2,0.48159977307406954,0.2606323700329153,0.651290197806386,93.14200627059238,0.1720185790697692,1.5523461274028911,9.773664963074275e-05,0.0008820042019884377,96,0.0001,2,TRAIN
395079,TFT_LARGE_WEATHER,3,0.44315334930758465,0.2752347647237595,0.6725292672211857,96.82726421060396,0.1720185790697692,1.5523461274028911,9.773664963074275e-05,0.0008820042019884377,96,0.0001,2,TRAIN
395079,TFT_LARGE_WEATHER,4,0.412846635123147,0.2849904636210695,0.6888498764517947,99.28420315835224,0.1720185790697692,1.5523461274028911,9.773664963074275e-05,0.0008820042019884377,96,0.0001,2,TRAIN
395103,TFT_LARGE_WEATHER,1,0.7836140499547781,0.47661501271475887,1.08174199994866,17.331657439593467,0.1720185790697692,1.5523461274028911,0.00010417960923278533,0.0009401473597876163,96,0.0001,2,UNSEEN
395103,TFT_LARGE_WEATHER,2,0.7295479917314542,0.5824132835308528,1.209567253860075,21.76459953271578,0.1720185790697692,1.5523461274028911,0.00010417960923278533,0.0009401473597876163,96,0.0001,2,UNSEEN
395103,TFT_LARGE_WEATHER,3,0.6961361117225118,0.6464906740169755,1.2823993482081355,24.48153463460833,0.1720185790697692,1.5523461274028911,0.00010417960923278533,0.0009401473597876163,96,0.0001,2,UNSEEN
395103,TFT_LARGE_WEATHER,4,0.6768200121004169,0.6915400780108577,1.3227761122699893,26.43227945087563,0.1720185790697692,1.5523461274028911,0.00010417960923278533,0.0009401473597876163,96,0.0001,2,UNSEEN
395111,TFT_LARGE_WEATHER,1,0.7897330811725313,0.22594533408548784,0.576382878267232,23.993993363425467,0.1720185790697692,1.5523461274028911,0.00010392872672864334,0.0009378833224618575,96,0.0001,2,TRAIN
395111,TFT_LARGE_WEATHER,2,0.7785606844127579,0.2496311024259381,0.5915243319873315,25.89675228416729,0.1720185790697692,1.5523461274028911,0.00010392872672864334,0.0009378833224618575,96,0.0001,2,TRAIN
395111,TFT_LARGE_WEATHER,3,0.7683641146566563,0.2655478017604733,0.6050146935524312,27.35578137324313,0.1720185790697692,1.5523461274028911,0.00010392872672864334,0.0009378833224618575,96,0.0001,2,TRAIN
395111,TFT_LARGE_WEATHER,4,0.760878060076575,0.27842512668085995,0.6148104047841111,28.746950079769608,0.1720185790697692,1.5523461274028911,0.00010392872672864334,0.0009378833224618575,96,0.0001,2,TRAIN
395137,TFT_LARGE_WEATHER,1,0.5547036048505591,0.10687276588520299,0.23793958791790407,30.560904220402108,0.1720185790697692,1.5523461274028911,9.464114024974212e-05,0.0008540694171185623,96,0.0001,2,UNSEEN
395137,TFT_LARGE_WEATHER,2,0.37289740639819335,0.13738991335971013,0.28239632472955295,37.74201764826695,0.1720185790697692,1.5523461274028911,9.464114024974212e-05,0.0008540694171185623,96,0.0001,2,UNSEEN
395137,TFT_LARGE_WEATHER,3,0.31429411575343313,0.15401925371854175,0.2953579877287167,42.94505564358338,0.1720185790697692,1.5523461274028911,9.464114024974212e-05,0.0008540694171185623,96,0.0001,2,UNSEEN
395137,TFT_LARGE_WEATHER,4,0.2972725358503072,0.1603140565514371,0.2992111475578121,45.27622253933338,0.1720185790697692,1.5523461274028911,9.464114024974212e-05,0.0008540694171185623,96,0.0001,2,UNSEEN
395145,TFT_LARGE_WEATHER,1,0.5277533254628749,0.2990805628628382,0.7378522940635854,39.674086846873834,0.1720185790697692,1.5523461274028911,6.109925470231633e-05,0.0005513776008222606,96,0.0001,2,UNSEEN
395145,TFT_LARGE_WEATHER,2,0.48262749054481,0.3628205827743372,0.7723096936739259,49.17866218508881,0.1720185790697692,1.5523461274028911,6.109925470231633e-05,0.0005513776008222606,96,0.0001,2,UNSEEN
395145,TFT_LARGE_WEATHER,3,0.4361862220826547,0.4005384564497962,0.8063213482973912,53.90980934663796,0.1720185790697692,1.5523461274028911,6.109925470231633e-05,0.0005513776008222606,96,0.0001,2,UNSEEN
395145,TFT_LARGE_WEATHER,4,0.3968608452968895,0.42549306335908155,0.8340798998388645,56.70982024095279,0.1720185790697692,1.5523461274028911,6.109925470231633e-05,0.0005513776008222606,96,0.0001,2,UNSEEN
395210,TFT_LARGE_WEATHER,1,0.7627468196572542,0.26876073566541414,0.7173735822587116,21.484975021709896,0.1720185790697692,1.5523461274028911,0.0001044748025622491,0.0009428112710017787,96,0.0001,2,TRAIN
395210,TFT_LARGE_WEATHER,2,0.7528112188330314,0.2919968437738578,0.7323380578306211,24.177054039536728,0.1720185790697692,1.5523461274028911,0.0001044748025622491,0.0009428112710017787,96,0.0001,2,TRAIN
395210,TFT_LARGE_WEATHER,3,0.7483944273895351,0.3077914898018542,0.7389444836516739,25.635271008017234,0.1720185790697692,1.5523461274028911,0.0001044748025622491,0.0009428112710017787,96,0.0001,2,TRAIN
395210,TFT_LARGE_WEATHER,4,0.7256053807688561,0.3203793970859023,0.7717529654342671,26.41392264274442,0.1720185790697692,1.5523461274028911,0.0001044748025622491,0.0009428112710017787,96,0.0001,2,TRAIN
395244,TFT_LARGE_WEATHER,1,0.9480149004464591,0.031356372926701966,0.06717951273942677,5.5671170428567445,0.1720185790697692,1.5523461274028911,7.969147670352729e-05,0.0007191592670787216,96,0.0001,2,TRAIN
395244,TFT_LARGE_WEATHER,2,0.900792973727526,0.0457830876234762,0.09279843378793072,8.000259663568619,0.1720185790697692,1.5523461274028911,7.969147670352729e-05,0.0007191592670787216,96,0.0001,2,TRAIN
395244,TFT_LARGE_WEATHER,3,0.8596841238592923,0.05647548174755717,0.11035545442761097,9.9583327976542,0.1720185790697692,1.5523461274028911,7.969147670352729e-05,0.0007191592670787216,96,0.0001,2,TRAIN
395244,TFT_LARGE_WEATHER,4,0.8349476902794642,0.06333803578632878,0.11967973394823644,11.395171630502503,0.1720185790697692,1.5523461274028911,7.969147670352729e-05,0.0007191592670787216,96,0.0001,2,TRAIN
395251,TFT_LARGE_WEATHER,1,0.8048190526171183,0.15513022673878496,0.4000223386453577,11.546985527270353,0.1720185790697692,1.5523461274028911,0.00010452157777142316,0.0009432333842131102,96,0.0001,2,UNSEEN
395251,TFT_LARGE_WEATHER,2,0.6915602486250381,0.2115809527419623,0.5029234315496456,16.042172419543103,0.1720185790697692,1.5523461274028911,0.00010452157777142316,0.0009432333842131102,96,0.0001,2,UNSEEN
395251,TFT_LARGE_WEATHER,3,0.6336808423956997,0.24046893846998288,0.5481589323936441,18.701901258379696,0.1720185790697692,1.5523461274028911,0.00010452157777142316,0.0009432333842131102,96,0.0001,2,UNSEEN
395251,TFT_LARGE_WEATHER,4,0.5836057894740628,0.26260670889889437,0.58446694634829,20.476266146879787,0.1720185790697692,1.5523461274028911,0.00010452157777142316,0.0009432333842131102,96,0.0001,2,UNSEEN
395285,TFT_LARGE_WEATHER,1,0.9260950727604003,0.007550863382265359,0.01690672830904657,7.606150041677125,0.1720185790697692,1.5523461274028911,0.00010469205630347129,0.0009447718325043433,96,0.0001,2,UNSEEN
395285,TFT_LARGE_WEATHER,2,0.8142114601949259,0.012848119091251966,0.026813497530501156,11.89300139814805,0.1720185790697692,1.5523461274028911,0.00010469205630347129,0.0009447718325043433,96,0.0001,2,UNSEEN
395285,TFT_LARGE_WEATHER,3,0.6897756388814369,0.016891811185016266,0.03465841055372612,15.172039709912596,0.1720185790697692,1.5523461274028911,0.00010469205630347129,0.0009447718325043433,96,0.0001,2,UNSEEN
395285,TFT_LARGE_WEATHER,4,0.6415215157634575,0.019408144215288255,0.03726637723915235,17.563739036872928,0.1720185790697692,1.5523461274028911,0.00010469205630347129,0.0009447718325043433,96,0.0001,2,UNSEEN
395319,TFT_LARGE_WEATHER,1,-1.777962665838516,1.0046006163181675,1.2445703256943759,112.46484371686067,0.1720185790697692,1.5523461274028911,0.0001049178797296375,0.0009468097293581697,96,0.0001,2,SEEN_MEANSCALING
395319,TFT_LARGE_WEATHER,2,-1.7887621116542527,1.0104977384530707,1.247472127216808,114.79785994806271,0.1720185790697692,1.5523461274028911,0.0001049178797296375,0.0009468097293581697,96,0.0001,2,SEEN_MEANSCALING
395319,TFT_LARGE_WEATHER,3,-1.7981975309462066,1.0156903714563343,1.2501720657533208,116.91372643696582,0.1720185790697692,1.5523461274028911,0.0001049178797296375,0.0009468097293581697,96,0.0001,2,SEEN_MEANSCALING
395319,TFT_LARGE_WEATHER,4,-1.8099424527498655,1.0207310516125692,1.2533683856727695,118.90100576132059,0.1720185790697692,1.5523461274028911,0.0001049178797296375,0.0009468097293581697,96,0.0001,2,SEEN_MEANSCALING
395327,TFT_LARGE_WEATHER,1,0.9959792579945171,0.004482285319881277,0.007527888895236132,1.923901691169012,0.1720185790697692,1.5523461274028911,0.00010468192014179637,0.0009446803608074611,96,0.0001,2,TRAIN
395327,TFT_LARGE_WEATHER,2,0.9887666204090043,0.006642738258962718,0.012584002731507673,2.72970923273222,0.1720185790697692,1.5523461274028911,0.00010468192014179637,0.0009446803608074611,96,0.0001,2,TRAIN
395327,TFT_LARGE_WEATHER,3,0.9758920746095916,0.009378712804750262,0.018437374932415842,3.8191738850697305,0.1720185790697692,1.5523461274028911,0.00010468192014179637,0.0009446803608074611,96,0.0001,2,TRAIN
395327,TFT_LARGE_WEATHER,4,0.9599444067924493,0.012048768415286164,0.023768730284926372,4.88688174315167,0.1720185790697692,1.5523461274028911,0.00010468192014179637,0.0009446803608074611,96,0.0001,2,TRAIN
395343,TFT_LARGE_WEATHER,1,0.9724401832684736,0.004340029721289964,0.008921270799530982,4.668145247872224,0.1720185790697692,1.5523461274028911,0.00010146619325207814,0.0009156606978673622,96,0.0001,2,TRAIN
395343,TFT_LARGE_WEATHER,2,0.9512741339561009,0.006344059872731974,0.011842781236519018,6.776820605257592,0.1720185790697692,1.5523461274028911,0.00010146619325207814,0.0009156606978673622,96,0.0001,2,TRAIN
395343,TFT_LARGE_WEATHER,3,0.9360862412425672,0.0075022381073867606,0.013539431247412421,8.11714563226354,0.1720185790697692,1.5523461274028911,0.00010146619325207814,0.0009156606978673622,96,0.0001,2,TRAIN
395343,TFT_LARGE_WEATHER,4,0.9273014770902033,0.008203059889137342,0.014428545976334856,8.994052063739138,0.1720185790697692,1.5523461274028911,0.00010146619325207814,0.0009156606978673622,96,0.0001,2,TRAIN
395350,TFT_LARGE_WEATHER,1,0.9955442650842142,0.000734449517828982,0.0014547272878645513,0.8188150951511073,0.1720185790697692,1.5523461274028911,0.00010497008270099347,0.0009472808242879244,96,0.0001,2,TRAIN
395350,TFT_LARGE_WEATHER,2,0.9926202256032894,0.0010358641352783877,0.0018717573085915472,1.169260917475501,0.1720185790697692,1.5523461274028911,0.00010497008270099347,0.0009472808242879244,96,0.0001,2,TRAIN
395350,TFT_LARGE_WEATHER,3,0.9897519719241641,0.0013191113960410606,0.0022053212727984497,1.4985582344972417,0.1720185790697692,1.5523461274028911,0.00010497008270099347,0.0009472808242879244,96,0.0001,2,TRAIN
395350,TFT_LARGE_WEATHER,4,0.9869924368015313,0.0015602290645312124,0.002484185964758561,1.7809090045274842,0.1720185790697692,1.5523461274028911,0.00010497008270099347,0.0009472808242879244,96,0.0001,2,TRAIN
395368,TFT_LARGE_WEATHER,1,0.9767350363645737,0.0018682431610185417,0.0040649138573724914,1.9974393137873463,0.1720185790697692,1.5523461274028911,9.983113002294705e-05,0.000900905407563685,96,0.0001,2,TRAIN
395368,TFT_LARGE_WEATHER,2,0.9526185386896846,0.002571347277344938,0.005802207299368343,2.714668715206107,0.1720185790697692,1.5523461274028911,9.983113002294705e-05,0.000900905407563685,96,0.0001,2,TRAIN
395368,TFT_LARGE_WEATHER,3,0.9127876383425441,0.003342482689272867,0.007876961287136941,3.484594056617511,0.1720185790697692,1.5523461274028911,9.983113002294705e-05,0.000900905407563685,96,0.0001,2,TRAIN
395368,TFT_LARGE_WEATHER,4,0.8785035469913132,0.004121475318445001,0.009316832017584481,4.285473547305632,0.1720185790697692,1.5523461274028911,9.983113002294705e-05,0.000900905407563685,96,0.0001,2,TRAIN
395376,TFT_LARGE_WEATHER,1,0.9881403590066411,0.0013842420533660934,0.002342974127772781,0.523300785403766,0.1720185790697692,1.5523461274028911,0.00010345417378585104,0.0009336008174732975,96,0.0001,2,TRAIN
395376,TFT_LARGE_WEATHER,2,0.9819857205341472,0.0017175009224888794,0.0028902213316454014,0.6510549839632229,0.1720185790697692,1.5523461274028911,0.00010345417378585104,0.0009336008174732975,96,0.0001,2,TRAIN
395376,TFT_LARGE_WEATHER,3,0.9780742797787243,0.0020065960064321402,0.0031918094786201005,0.7618459445683651,0.1720185790697692,1.5523461274028911,0.00010345417378585104,0.0009336008174732975,96,0.0001,2,TRAIN
395376,TFT_LARGE_WEATHER,4,0.9743359196981618,0.0022536766396019994,0.003456488543668634,0.8554943873115054,0.1720185790697692,1.5523461274028911,0.00010345417378585104,0.0009336008174732975,96,0.0001,2,TRAIN
395400,TFT_LARGE_WEATHER,1,0.5219521460834099,0.006983155699094972,0.024868232857266977,7.262621513594841,0.1720185790697692,1.5523461274028911,8.628482811444532e-05,0.0007786596046858222,96,0.0001,2,TRAIN
395400,TFT_LARGE_WEATHER,2,0.4058439832131433,0.00901948818287717,0.027692144879222412,9.864650419991255,0.1720185790697692,1.5523461274028911,8.628482811444532e-05,0.0007786596046858222,96,0.0001,2,TRAIN
395400,TFT_LARGE_WEATHER,3,0.32940657238164406,0.010258301582143395,0.029404656743011622,11.520583470124691,0.1720185790697692,1.5523461274028911,8.628482811444532e-05,0.0007786596046858222,96,0.0001,2,TRAIN
395400,TFT_LARGE_WEATHER,4,0.2782935236334173,0.011167307877950663,0.030497658376485583,12.8325886170609,0.1720185790697692,1.5523461274028911,8.628482811444532e-05,0.0007786596046858222,96,0.0001,2,TRAIN
395426,TFT_LARGE_WEATHER,1,0.9790774860686506,0.00044863501247223556,0.000930983406294006,1.4630816333991241,0.1720185790697692,1.5523461274028911,9.960690474943884e-05,0.0008988819329083389,96,0.0001,2,TRAIN
395426,TFT_LARGE_WEATHER,2,0.9443503500797742,0.0006038622329672773,0.0015206193204076342,1.8961282461424538,0.1720185790697692,1.5523461274028911,9.960690474943884e-05,0.0008988819329083389,96,0.0001,2,TRAIN
395426,TFT_LARGE_WEATHER,3,0.9114966440143645,0.000755258620797028,0.0019209643098067896,2.3317303166547605,0.1720185790697692,1.5523461274028911,9.960690474943884e-05,0.0008988819329083389,96,0.0001,2,TRAIN
395426,TFT_LARGE_WEATHER,4,0.8818944677462515,0.0008954837229235175,0.0022228421714956337,2.74394963420014,0.1720185790697692,1.5523461274028911,9.960690474943884e-05,0.0008988819329083389,96,0.0001,2,TRAIN
395434,TFT_LARGE_WEATHER,1,0.9243309682920215,0.014335899587450487,0.03264113258218795,2.195188721565777,0.1720185790697692,1.5523461274028911,9.271612851669206e-05,0.0008366975464452592,96,0.0001,2,TRAIN
395434,TFT_LARGE_WEATHER,2,0.8658439721104416,0.020261205601189117,0.04347071465592826,3.0472923384602755,0.1720185790697692,1.5523461274028911,9.271612851669206e-05,0.0008366975464452592,96,0.0001,2,TRAIN
395434,TFT_LARGE_WEATHER,3,0.836507283763357,0.024931891842547373,0.04799639387070164,3.741012805616682,0.1720185790697692,1.5523461274028911,9.271612851669206e-05,0.0008366975464452592,96,0.0001,2,TRAIN
395434,TFT_LARGE_WEATHER,4,0.8099455203363213,0.028921458891159855,0.05174484180292749,4.353041214227616,0.1720185790697692,1.5523461274028911,9.271612851669206e-05,0.0008366975464452592,96,0.0001,2,TRAIN
395483,TFT_LARGE_WEATHER,1,0.941468120532481,0.0056398908328560956,0.011119123353241072,3.870622884390346,0.1720185790697692,1.5523461274028911,3.717634839381093e-05,0.0003354902753655825,96,0.0001,2,TRAIN
395483,TFT_LARGE_WEATHER,2,0.9178738284908236,0.007173863494015922,0.013054904003212195,4.719987476130981,0.1720185790697692,1.5523461274028911,3.717634839381093e-05,0.0003354902753655825,96,0.0001,2,TRAIN
395483,TFT_LARGE_WEATHER,3,0.8289823763001467,0.008906235732521684,0.020722151024300077,5.470989714517939,0.1720185790697692,1.5523461274028911,3.717634839381093e-05,0.0003354902753655825,96,0.0001,2,TRAIN
395483,TFT_LARGE_WEATHER,4,0.8162002480301167,0.010379708810459885,0.023760461876321852,6.085632395424366,0.1720185790697692,1.5523461274028911,3.717634839381093e-05,0.0003354902753655825,96,0.0001,2,TRAIN
395509,TFT_LARGE_WEATHER,1,0.9653356783530058,0.005343059331329279,0.014313300791628606,3.6306199882171284,0.1720185790697692,1.5523461274028911,0.00010296229239764246,0.0009291619355091729,96,0.0001,2,TRAIN
395509,TFT_LARGE_WEATHER,2,0.9232009831917533,0.008827643086113715,0.021384351478978728,5.770300340996685,0.1720185790697692,1.5523461274028911,0.00010296229239764246,0.0009291619355091729,96,0.0001,2,TRAIN
395509,TFT_LARGE_WEATHER,3,0.8853490533935031,0.011703816842055379,0.026183422849335145,7.548270387679762,0.1720185790697692,1.5523461274028911,0.00010296229239764246,0.0009291619355091729,96,0.0001,2,TRAIN
395509,TFT_LARGE_WEATHER,4,0.8531309684163719,0.013842157241462085,0.029667498177516283,8.89469569851856,0.1720185790697692,1.5523461274028911,0.00010296229239764246,0.0009291619355091729,96,0.0001,2,TRAIN
395533,TFT_LARGE_WEATHER,1,0.8951440027265543,0.005604211803873052,0.020881468752091407,4.930999513579665,0.1720185790697692,1.5523461274028911,0.00010562042890991345,0.0009531497392873828,96,0.0001,2,SEEN_MEANSCALING
395533,TFT_LARGE_WEATHER,2,0.8886109886284583,0.006981743623078188,0.02151933963855929,6.283158999472704,0.1720185790697692,1.5523461274028911,0.00010562042890991345,0.0009531497392873828,96,0.0001,2,SEEN_MEANSCALING
395533,TFT_LARGE_WEATHER,3,0.8831232250176042,0.008112910177483501,0.02204014366019521,7.329617051285339,0.1720185790697692,1.5523461274028911,0.00010562042890991345,0.0009531497392873828,96,0.0001,2,SEEN_MEANSCALING
395533,TFT_LARGE_WEATHER,4,0.874550001178056,0.009281065651045056,0.022831171322431055,8.35104188599064,0.1720185790697692,1.5523461274028911,0.00010562042890991345,0.0009531497392873828,96,0.0001,2,SEEN_MEANSCALING
395541,TFT_LARGE_WEATHER,1,0.9489428530078375,0.00830110881702281,0.017194058873866897,9.669351790961416,0.1720185790697692,1.5523461274028911,5.464726541673145e-05,0.0004931529565095066,96,0.0001,2,TRAIN
395541,TFT_LARGE_WEATHER,2,0.8948747417291336,0.01341175185512281,0.02472855570344459,16.153463339716428,0.1720185790697692,1.5523461274028911,5.464726541673145e-05,0.0004931529565095066,96,0.0001,2,TRAIN
395541,TFT_LARGE_WEATHER,3,0.8510555430727539,0.016914997903395856,0.02948422565136713,21.486156203169134,0.1720185790697692,1.5523461274028911,5.464726541673145e-05,0.0004931529565095066,96,0.0001,2,TRAIN
395541,TFT_LARGE_WEATHER,4,0.8245057858804118,0.019192620712432985,0.032075386891214655,25.454952780863856,0.1720185790697692,1.5523461274028911,5.464726541673145e-05,0.0004931529565095066,96,0.0001,2,TRAIN
395582,TFT_LARGE_WEATHER,1,0.6023198548904343,0.0012998864388154457,0.00203358846949943,43.83754744109846,0.1720185790697692,1.5523461274028911,3.750426095514456e-05,0.00033844945452789015,96,0.0001,2,TRAIN
395582,TFT_LARGE_WEATHER,2,0.39634324134745047,0.0016155017023742305,0.002504668116659875,48.2326473593359,0.1720185790697692,1.5523461274028911,3.750426095514456e-05,0.00033844945452789015,96,0.0001,2,TRAIN
395582,TFT_LARGE_WEATHER,3,0.34998801819634495,0.0018255177913437668,0.0025986361172209115,51.80676325977001,0.1720185790697692,1.5523461274028911,3.750426095514456e-05,0.00033844945452789015,96,0.0001,2,TRAIN
395582,TFT_LARGE_WEATHER,4,0.2877185404444512,0.0019584314942790405,0.002719275425467776,54.105019542144404,0.1720185790697692,1.5523461274028911,3.750426095514456e-05,0.00033844945452789015,96,0.0001,2,TRAIN
395731,TFT_LARGE_WEATHER,1,0.9832391510817983,0.0007669007066094828,0.0019161124698473286,2.3482193687952266,0.1720185790697692,1.5523461274028911,8.64697186076817e-05,0.0007803281107432562,96,0.0001,2,TRAIN
395731,TFT_LARGE_WEATHER,2,0.9631240633772744,0.0011489725057134566,0.0028470491712588707,3.4991432812364556,0.1720185790697692,1.5523461274028911,8.64697186076817e-05,0.0007803281107432562,96,0.0001,2,TRAIN
395731,TFT_LARGE_WEATHER,3,0.9415009204228699,0.001540582704735976,0.003592208086262012,4.643165873429721,0.1720185790697692,1.5523461274028911,8.64697186076817e-05,0.0007803281107432562,96,0.0001,2,TRAIN
395731,TFT_LARGE_WEATHER,4,0.9193158328904878,0.0019184499831474346,0.004226775525821235,5.739023903880209,0.1720185790697692,1.5523461274028911,8.64697186076817e-05,0.0007803281107432562,96,0.0001,2,TRAIN
395749,TFT_LARGE_WEATHER,1,0.355329726999015,0.002318214349870383,0.006368574273995366,3.4859856641135902,0.1720185790697692,1.5523461274028911,2.045675949715564e-05,0.0001846077996711154,96,0.0001,2,TRAIN
395749,TFT_LARGE_WEATHER,2,-0.24695551320732445,0.0030053046117773058,0.0086161260783005,4.476085205258589,0.1720185790697692,1.5523461274028911,2.045675949715564e-05,0.0001846077996711154,96,0.0001,2,TRAIN
395749,TFT_LARGE_WEATHER,3,-0.3830228688477051,0.0033048682257975815,0.009039201122902721,4.975362216750581,0.1720185790697692,1.5523461274028911,2.045675949715564e-05,0.0001846077996711154,96,0.0001,2,TRAIN
395749,TFT_LARGE_WEATHER,4,-0.3138705479158117,0.0033609816933543395,0.008815452985461875,5.149787559116911,0.1720185790697692,1.5523461274028911,2.045675949715564e-05,0.0001846077996711154,96,0.0001,2,TRAIN
395756,TFT_LARGE_WEATHER,1,0.9935982657058712,0.008015832491352883,0.016255974533690532,2.5976108800720024,0.1720185790697692,1.5523461274028911,0.00010526227779351108,0.0009499176785322085,96,0.0001,2,TRAIN
395756,TFT_LARGE_WEATHER,2,0.9843965287447054,0.012525155250205635,0.02537781934561777,3.9337124087902993,0.1720185790697692,1.5523461274028911,0.00010526227779351108,0.0009499176785322085,96,0.0001,2,TRAIN
395756,TFT_LARGE_WEATHER,3,0.9743653174145044,0.01676557040583734,0.032526597051607924,5.181546622120913,0.1720185790697692,1.5523461274028911,0.00010526227779351108,0.0009499176785322085,96,0.0001,2,TRAIN
395756,TFT_LARGE_WEATHER,4,0.9639516110039758,0.020472516826114583,0.03856956001033469,6.240135747707931,0.1720185790697692,1.5523461274028911,0.00010526227779351108,0.0009499176785322085,96,0.0001,2,TRAIN
395764,TFT_LARGE_WEATHER,1,0.6327782614542977,0.2796384964568109,0.6669495532575611,26.963810980568656,0.1720185790697692,1.5523461274028911,8.572622849655474e-05,0.0007736186378420635,96,0.0001,2,TRAIN
395764,TFT_LARGE_WEATHER,2,0.6104629377906017,0.31355854409246625,0.6896261457352761,33.78770340356959,0.1720185790697692,1.5523461274028911,8.572622849655474e-05,0.0007736186378420635,96,0.0001,2,TRAIN
395764,TFT_LARGE_WEATHER,3,0.5943794940415367,0.33394702676269056,0.7027893880271089,39.01685091071258,0.1720185790697692,1.5523461274028911,8.572622849655474e-05,0.0007736186378420635,96,0.0001,2,TRAIN
395764,TFT_LARGE_WEATHER,4,0.592491005522965,0.3493124758378119,0.7058054075186396,42.47716303756779,0.1720185790697692,1.5523461274028911,8.572622849655474e-05,0.0007736186378420635,96,0.0001,2,TRAIN
395772,TFT_LARGE_WEATHER,1,0.9124881575101378,0.02981245685066201,0.06492240462836228,8.180403021467777,0.1720185790697692,1.5523461274028911,9.751838148492027e-05,0.0008800344862011359,96,0.0001,2,TRAIN
395772,TFT_LARGE_WEATHER,2,0.8619459096414206,0.039699487465870834,0.08156259108448259,11.355088786178658,0.1720185790697692,1.5523461274028911,9.751838148492027e-05,0.0008800344862011359,96,0.0001,2,TRAIN
395772,TFT_LARGE_WEATHER,3,0.8377980585554693,0.044651288824703,0.08842714341185995,13.10686196682326,0.1720185790697692,1.5523461274028911,9.751838148492027e-05,0.0008800344862011359,96,0.0001,2,TRAIN
395772,TFT_LARGE_WEATHER,4,0.8185580473438009,0.048232853823358866,0.09354881153215983,14.269268478191306,0.1720185790697692,1.5523461274028911,9.751838148492027e-05,0.0008800344862011359,96,0.0001,2,TRAIN
396192,TFT_LARGE_WEATHER,1,0.9768125488619193,0.002214501139866022,0.004759343374555326,1.2982586113850496,0.1720185790697692,1.5523461274028911,8.713176819306634e-05,0.000786302640445677,96,0.0001,2,TRAIN
396192,TFT_LARGE_WEATHER,2,0.9589390887162682,0.0034087744954223813,0.006346916318437628,2.0628101459573016,0.1720185790697692,1.5523461274028911,8.713176819306634e-05,0.000786302640445677,96,0.0001,2,TRAIN
396192,TFT_LARGE_WEATHER,3,0.9369746519151507,0.004557851872208103,0.007884629144728816,2.8061599444161605,0.1720185790697692,1.5523461274028911,8.713176819306634e-05,0.000786302640445677,96,0.0001,2,TRAIN
396192,TFT_LARGE_WEATHER,4,0.913027826362613,0.005554035941633202,0.009290115150053286,3.4572456490483456,0.1720185790697692,1.5523461274028911,8.713176819306634e-05,0.000786302640445677,96,0.0001,2,TRAIN
396226,TFT_LARGE_WEATHER,1,0.989738481615681,0.0011163548852934921,0.001485574567768596,1.5267089788932697,0.1720185790697692,1.5523461274028911,0.00010492542565330824,0.0009468778259873322,96,0.0001,2,TRAIN
396226,TFT_LARGE_WEATHER,2,0.9864555938755732,0.00123584843498968,0.0017067908360631988,1.692746381784707,0.1720185790697692,1.5523461274028911,0.00010492542565330824,0.0009468778259873322,96,0.0001,2,TRAIN
396226,TFT_LARGE_WEATHER,3,0.9818075847429033,0.001389118253820104,0.001978152252570761,1.9040988533208292,0.1720185790697692,1.5523461274028911,0.00010492542565330824,0.0009468778259873322,96,0.0001,2,TRAIN
396226,TFT_LARGE_WEATHER,4,0.975777130805696,0.0015715441146466288,0.00228266664007491,2.1463279750564537,0.1720185790697692,1.5523461274028911,0.00010492542565330824,0.0009468778259873322,96,0.0001,2,TRAIN
396291,TFT_LARGE_WEATHER,1,0.9884778452908735,0.010339661651990514,0.018779532332586727,2.768185951607552,0.1720185790697692,1.5523461274028911,0.00010503791960453706,0.0009478930044087018,96,0.0001,2,TRAIN
396291,TFT_LARGE_WEATHER,2,0.9709950485456738,0.01633284177065839,0.029795038226589264,4.091178901628692,0.1720185790697692,1.5523461274028911,0.00010503791960453706,0.0009478930044087018,96,0.0001,2,TRAIN
396291,TFT_LARGE_WEATHER,3,0.9509717800922559,0.021608271906644234,0.03873668500511324,5.265493309886796,0.1720185790697692,1.5523461274028911,0.00010503791960453706,0.0009478930044087018,96,0.0001,2,TRAIN
396291,TFT_LARGE_WEATHER,4,0.9329803617676771,0.026389790404659143,0.04528880584088903,6.374903135286145,0.1720185790697692,1.5523461274028911,0.00010503791960453706,0.0009478930044087018,96,0.0001,2,TRAIN
396333,TFT_LARGE_WEATHER,1,0.9271958993302912,0.002026615390289393,0.0035343851146501172,1.2683409674670578,0.1720185790697692,1.5523461274028911,9.29230422074604e-05,0.00083856479629878,96,0.0001,2,TRAIN
396333,TFT_LARGE_WEATHER,2,0.891194620855459,0.0025073487363443106,0.004315288074525622,1.5730283181239701,0.1720185790697692,1.5523461274028911,9.29230422074604e-05,0.00083856479629878,96,0.0001,2,TRAIN
396333,TFT_LARGE_WEATHER,3,0.8618688935813608,0.002868144013504467,0.004856898055338568,1.8067321149605673,0.1720185790697692,1.5523461274028911,9.29230422074604e-05,0.00083856479629878,96,0.0001,2,TRAIN
396333,TFT_LARGE_WEATHER,4,0.8333564321032585,0.0032472629007004113,0.0053322824335579255,2.05330142102066,0.1720185790697692,1.5523461274028911,9.29230422074604e-05,0.00083856479629878,96,0.0001,2,TRAIN
396440,TFT_LARGE_WEATHER,1,0.913242011245666,0.000533500526715962,0.0011087262797436258,3.4220989539328097,0.1720185790697692,1.5523461274028911,0.00010488720186890888,0.000946532883342137,96,0.0001,2,TRAIN
396440,TFT_LARGE_WEATHER,2,0.9111156330143491,0.0005712566221303038,0.0011222772856439855,3.605669701156827,0.1720185790697692,1.5523461274028911,0.00010488720186890888,0.000946532883342137,96,0.0001,2,TRAIN
396440,TFT_LARGE_WEATHER,3,0.9084908373272457,0.0006138564169175713,0.001138777342404835,3.808462810138074,0.1720185790697692,1.5523461274028911,0.00010488720186890888,0.000946532883342137,96,0.0001,2,TRAIN
396440,TFT_LARGE_WEATHER,4,0.9057109155642711,0.0006573450140815547,0.0011559974800675096,4.014289240437973,0.1720185790697692,1.5523461274028911,0.00010488720186890888,0.000946532883342137,96,0.0001,2,TRAIN
396564,TFT_LARGE_WEATHER,1,0.0035683475174203005,0.06179875539461009,0.09945693955565381,20.576050305490277,0.1720185790697692,1.5523461274028911,9.521234348536343e-05,0.0008592241227065971,96,0.0001,2,UNSEEN_MEANSCALING
396564,TFT_LARGE_WEATHER,2,-0.19207982224790388,0.06965624615529831,0.10862723562414628,24.42866173056998,0.1720185790697692,1.5523461274028911,9.521234348536343e-05,0.0008592241227065971,96,0.0001,2,UNSEEN_MEANSCALING
396564,TFT_LARGE_WEATHER,3,-0.3670225086866641,0.07741690645213159,0.11615007945427386,28.337426726765468,0.1720185790697692,1.5523461274028911,9.521234348536343e-05,0.0008592241227065971,96,0.0001,2,UNSEEN_MEANSCALING
396564,TFT_LARGE_WEATHER,4,-0.5374584565861991,0.0847679516161054,0.12300259265485627,32.27557820693722,0.1720185790697692,1.5523461274028911,9.521234348536343e-05,0.0008592241227065971,96,0.0001,2,UNSEEN_MEANSCALING
396705,TFT_LARGE_WEATHER,1,0.9529232107505469,0.012202477743394153,0.025032677786143476,7.96969333031305,0.1720185790697692,1.5523461274028911,0.00010530171756022847,0.000950273594558608,96,0.0001,2,UNSEEN
396705,TFT_LARGE_WEATHER,2,0.8790860260373947,0.0208710465176117,0.04011981680138597,13.780398529888647,0.1720185790697692,1.5523461274028911,0.00010530171756022847,0.000950273594558608,96,0.0001,2,UNSEEN
396705,TFT_LARGE_WEATHER,3,0.7856217084358799,0.029390319174116483,0.05342285066098901,19.546349666506288,0.1720185790697692,1.5523461274028911,0.00010530171756022847,0.000950273594558608,96,0.0001,2,UNSEEN
396705,TFT_LARGE_WEATHER,4,0.6872598950576283,0.03707455955441958,0.06452744216248288,24.448504722587046,0.1720185790697692,1.5523461274028911,0.00010530171756022847,0.000950273594558608,96,0.0001,2,UNSEEN
396721,TFT_LARGE_WEATHER,1,0.58278979505972,0.010368012468688542,0.013624876656006686,30.81354551861534,0.1720185790697692,1.5523461274028911,0.00010529886686533581,0.000950247869051509,96,0.0001,2,SEEN_MEANSCALING
396721,TFT_LARGE_WEATHER,2,0.4960598876907456,0.011673386915424237,0.014979230840760957,32.823753530611036,0.1720185790697692,1.5523461274028911,0.00010529886686533581,0.000950247869051509,96,0.0001,2,SEEN_MEANSCALING
396721,TFT_LARGE_WEATHER,3,0.4153238285909212,0.012817636921364265,0.016139181731588046,34.59911813515391,0.1720185790697692,1.5523461274028911,0.00010529886686533581,0.000950247869051509,96,0.0001,2,SEEN_MEANSCALING
396721,TFT_LARGE_WEATHER,4,0.32429935822649636,0.013898182608978632,0.01735422359527383,36.258778513168224,0.1720185790697692,1.5523461274028911,0.00010529886686533581,0.000950247869051509,96,0.0001,2,SEEN_MEANSCALING
