spring_id,spring_type,model,horizon,nse,mae,rmse,smape,emissions training [kg CO₂],energy training [kWh],emissions inference [kg CO₂],energy inference [kWh],head_size,num_heads,ff_dim,num_transformer_blocks,mlp_units
395012,TRAIN,TRANSFORMER_LARGE,1,0.2373605192093502,0.41457948951200296,1.1786140350852077,58.37912793332006,0.398871578417623,3.5995341516949697,4.0106000126830335e-05,0.00036192831215780185,8,4,16,2,64
395012,TRAIN,TRANSFORMER_LARGE,2,0.064090572428803,0.4792498484604348,1.3081785588115828,58.405381173889644,0.398871578417623,3.5995341516949697,4.0106000126830335e-05,0.00036192831215780185,8,4,16,2,64
395012,TRAIN,TRANSFORMER_LARGE,3,-0.009883298638541316,0.5217354840449233,1.3599089894772072,82.06401264966165,0.398871578417623,3.5995341516949697,4.0106000126830335e-05,0.00036192831215780185,8,4,16,2,64
395012,TRAIN,TRANSFORMER_LARGE,4,-0.008151002626707315,0.5370349106542743,1.3587333193036926,70.49548508968243,0.398871578417623,3.5995341516949697,4.0106000126830335e-05,0.00036192831215780185,8,4,16,2,64
395038,TRAIN,TRANSFORMER_LARGE,1,0.7986513442277324,0.7954149219572697,1.603055882993432,22.83782637389999,0.398871578417623,3.5995341516949697,3.244990410044748e-05,0.0002928374553337859,8,4,16,2,64
395038,TRAIN,TRANSFORMER_LARGE,2,0.7064128740096833,1.0367495161027473,1.9365029452644338,31.28615258376318,0.398871578417623,3.5995341516949697,3.244990410044748e-05,0.0002928374553337859,8,4,16,2,64
395038,TRAIN,TRANSFORMER_LARGE,3,0.670775412276875,1.132692956725531,2.0453925659810195,39.43329198162272,0.398871578417623,3.5995341516949697,3.244990410044748e-05,0.0002928374553337859,8,4,16,2,64
395038,TRAIN,TRANSFORMER_LARGE,4,0.6647491018133809,1.154230692692247,2.0620068806674365,36.971600786609095,0.398871578417623,3.5995341516949697,3.244990410044748e-05,0.0002928374553337859,8,4,16,2,64
395053,UNSEEN,TRANSFORMER_LARGE,1,0.7396524618564604,0.1284486103459107,0.27420940367762453,48.044309553312765,0.398871578417623,3.5995341516949697,3.417763803332293e-05,0.00030842903325743536,8,4,16,2,64
395053,UNSEEN,TRANSFORMER_LARGE,2,0.6119472898873553,0.17485333330110558,0.3348178481138002,57.80878897156881,0.398871578417623,3.5995341516949697,3.417763803332293e-05,0.00030842903325743536,8,4,16,2,64
395053,UNSEEN,TRANSFORMER_LARGE,3,0.541093074849796,0.19814477759470744,0.36417934263255825,66.71254930183123,0.398871578417623,3.5995341516949697,3.417763803332293e-05,0.00030842903325743536,8,4,16,2,64
395053,UNSEEN,TRANSFORMER_LARGE,4,0.5025600574576381,0.21323017258981658,0.37923270280293403,71.0992075569977,0.398871578417623,3.5995341516949697,3.417763803332293e-05,0.00030842903325743536,8,4,16,2,64
395079,TRAIN,TRANSFORMER_LARGE,1,0.26805983158945457,0.2869463869631473,0.774029836577821,91.76671328764314,0.398871578417623,3.5995341516949697,3.926629180237187e-05,0.000354350537869291,8,4,16,2,64
395079,TRAIN,TRANSFORMER_LARGE,2,0.1373419263487663,0.3304496417665589,0.8401586363519968,100.59535888461231,0.398871578417623,3.5995341516949697,3.926629180237187e-05,0.000354350537869291,8,4,16,2,64
395079,TRAIN,TRANSFORMER_LARGE,3,0.06332642702660773,0.360565208128205,0.8722430476802651,118.99443579134636,0.398871578417623,3.5995341516949697,3.926629180237187e-05,0.000354350537869291,8,4,16,2,64
395079,TRAIN,TRANSFORMER_LARGE,4,0.0610274748525087,0.3728045367975419,0.8711145148466709,110.2765238159785,0.398871578417623,3.5995341516949697,3.926629180237187e-05,0.000354350537869291,8,4,16,2,64
395103,UNSEEN,TRANSFORMER_LARGE,1,0.6794378687472051,0.549749912506862,1.3166346224072571,17.2300198529237,0.398871578417623,3.5995341516949697,4.0225591946279105e-05,0.0003630075438244875,8,4,16,2,64
395103,UNSEEN,TRANSFORMER_LARGE,2,0.5722956872453697,0.7113481456938601,1.5210963710905185,23.93879697405211,0.398871578417623,3.5995341516949697,4.0225591946279105e-05,0.0003630075438244875,8,4,16,2,64
395103,UNSEEN,TRANSFORMER_LARGE,3,0.4988976481681038,0.8214493842501023,1.646823151173539,30.174947633517515,0.398871578417623,3.5995341516949697,4.0225591946279105e-05,0.0003630075438244875,8,4,16,2,64
395103,UNSEEN,TRANSFORMER_LARGE,4,0.471335317531667,0.8539647999327978,1.6918204196716693,29.944164033582428,0.398871578417623,3.5995341516949697,4.0225591946279105e-05,0.0003630075438244875,8,4,16,2,64
395111,TRAIN,TRANSFORMER_LARGE,1,0.43175864570998956,0.3891588581999116,0.9475279168788823,35.776847556695934,0.398871578417623,3.5995341516949697,4.1157045997375545e-05,0.00037141325846817624,8,4,16,2,64
395111,TRAIN,TRANSFORMER_LARGE,2,0.24901643376151017,0.4882032105905106,1.0893325108866199,43.47432161033757,0.398871578417623,3.5995341516949697,4.1157045997375545e-05,0.00037141325846817624,8,4,16,2,64
395111,TRAIN,TRANSFORMER_LARGE,3,0.14909262846047677,0.5686788819023626,1.1595891532110107,72.52100847454491,0.398871578417623,3.5995341516949697,4.1157045997375545e-05,0.00037141325846817624,8,4,16,2,64
395111,TRAIN,TRANSFORMER_LARGE,4,0.1482307384790228,0.5706512175350562,1.160359274090764,54.12443894060135,0.398871578417623,3.5995341516949697,4.1157045997375545e-05,0.00037141325846817624,8,4,16,2,64
395137,UNSEEN,TRANSFORMER_LARGE,1,0.46511917498535815,0.11233048977481579,0.26077780769571185,31.09361515047563,0.398871578417623,3.5995341516949697,3.815723610592084e-05,0.0003443420938699856,8,4,16,2,64
395137,UNSEEN,TRANSFORMER_LARGE,2,0.21825645881696953,0.14921406723024438,0.31529849129913406,40.899111849471005,0.398871578417623,3.5995341516949697,3.815723610592084e-05,0.0003443420938699856,8,4,16,2,64
395137,UNSEEN,TRANSFORMER_LARGE,3,0.09174981666821713,0.17119495492799497,0.33992454856933907,51.43203736983683,0.398871578417623,3.5995341516949697,3.815723610592084e-05,0.0003443420938699856,8,4,16,2,64
395137,UNSEEN,TRANSFORMER_LARGE,4,0.07855420638125865,0.18021302116928814,0.34262512119571736,54.177549605567364,0.398871578417623,3.5995341516949697,3.815723610592084e-05,0.0003443420938699856,8,4,16,2,64
395145,UNSEEN,TRANSFORMER_LARGE,1,0.20665703280347947,0.3242437721850673,0.956346924961388,33.575677861013425,0.398871578417623,3.5995341516949697,2.910930445518089e-05,0.00026269090401022355,8,4,16,2,64
395145,UNSEEN,TRANSFORMER_LARGE,2,0.05995806488868716,0.3911398748307893,1.0410304325154993,42.54630290099874,0.398871578417623,3.5995341516949697,2.910930445518089e-05,0.00026269090401022355,8,4,16,2,64
395145,UNSEEN,TRANSFORMER_LARGE,3,0.011483510392651053,0.43220447084103253,1.067658286833971,57.44856284898723,0.398871578417623,3.5995341516949697,2.910930445518089e-05,0.00026269090401022355,8,4,16,2,64
395145,UNSEEN,TRANSFORMER_LARGE,4,0.012311716015944607,0.43255624431168993,1.0673548922229417,51.51775507817932,0.398871578417623,3.5995341516949697,2.910930445518089e-05,0.00026269090401022355,8,4,16,2,64
395210,TRAIN,TRANSFORMER_LARGE,1,0.36725411854141,0.42523154623986237,1.1715316381893515,29.84698565196237,0.398871578417623,3.5995341516949697,3.7308609621376894e-05,0.0003366838394882946,8,4,16,2,64
395210,TRAIN,TRANSFORMER_LARGE,2,0.2656180956201313,0.5188951378093177,1.2622872903016729,39.7857634396993,0.398871578417623,3.5995341516949697,3.7308609621376894e-05,0.0003366838394882946,8,4,16,2,64
395210,TRAIN,TRANSFORMER_LARGE,3,0.2027730176642194,0.5903030216601528,1.3153540855629198,63.92694484666415,0.398871578417623,3.5995341516949697,3.7308609621376894e-05,0.0003366838394882946,8,4,16,2,64
395210,TRAIN,TRANSFORMER_LARGE,4,0.21830783565827294,0.5811364916645323,1.3025919527898189,46.68263220007159,0.398871578417623,3.5995341516949697,3.7308609621376894e-05,0.0003366838394882946,8,4,16,2,64
395244,TRAIN,TRANSFORMER_LARGE,1,0.942399464998052,0.03193779214369698,0.07071485710867656,6.012656645501916,0.398871578417623,3.5995341516949697,3.498430015831915e-05,0.00031570858894631586,8,4,16,2,64
395244,TRAIN,TRANSFORMER_LARGE,2,0.8820518074010234,0.048240805706302306,0.10118475294827356,8.828633655840738,0.398871578417623,3.5995341516949697,3.498430015831915e-05,0.00031570858894631586,8,4,16,2,64
395244,TRAIN,TRANSFORMER_LARGE,3,0.8072209292448361,0.06478090493606277,0.12935116321391354,11.705956671701463,0.398871578417623,3.5995341516949697,3.498430015831915e-05,0.00031570858894631586,8,4,16,2,64
395244,TRAIN,TRANSFORMER_LARGE,4,0.7487484287245096,0.07714169891925134,0.1476604559786782,14.071018675543494,0.398871578417623,3.5995341516949697,3.498430015831915e-05,0.00031570858894631586,8,4,16,2,64
395251,UNSEEN,TRANSFORMER_LARGE,1,0.7275362951070387,0.1858573703229943,0.4726284521804612,14.10282032263286,0.398871578417623,3.5995341516949697,3.816424727205649e-05,0.0003444053646902546,8,4,16,2,64
395251,UNSEEN,TRANSFORMER_LARGE,2,0.6030332877308094,0.25607784766376135,0.5705500439998225,20.54537190284227,0.398871578417623,3.5995341516949697,3.816424727205649e-05,0.0003444053646902546,8,4,16,2,64
395251,UNSEEN,TRANSFORMER_LARGE,3,0.5218904231890225,0.30031401880297676,0.6262394189425777,25.091207044393506,0.398871578417623,3.5995341516949697,3.816424727205649e-05,0.0003444053646902546,8,4,16,2,64
395251,UNSEEN,TRANSFORMER_LARGE,4,0.47004879716149484,0.3195838281205446,0.6593644909241225,26.28769407589445,0.398871578417623,3.5995341516949697,3.816424727205649e-05,0.0003444053646902546,8,4,16,2,64
395285,UNSEEN,TRANSFORMER_LARGE,1,0.9124812825161678,0.00760237639271455,0.01839811584627207,8.146639026444678,0.398871578417623,3.5995341516949697,3.985761316551937e-05,0.000359686795342737,8,4,16,2,64
395285,UNSEEN,TRANSFORMER_LARGE,2,0.8342115650488724,0.011964021350645698,0.025329179509881866,13.143040056873335,0.398871578417623,3.5995341516949697,3.985761316551937e-05,0.000359686795342737,8,4,16,2,64
395285,UNSEEN,TRANSFORMER_LARGE,3,0.7676729745674502,0.01564306170852455,0.029993044960525943,17.484626468255822,0.398871578417623,3.5995341516949697,3.985761316551937e-05,0.000359686795342737,8,4,16,2,64
395285,UNSEEN,TRANSFORMER_LARGE,4,0.7222326179143332,0.018105256373799738,0.032803958323868454,20.074164900426673,0.398871578417623,3.5995341516949697,3.985761316551937e-05,0.000359686795342737,8,4,16,2,64
395319,UNSEEN_MEANSCALING,TRANSFORMER_LARGE,1,-0.5396837143973683,0.7226210891283497,0.9265566930719911,65.15046004675953,0.398871578417623,3.5995341516949697,3.7563547316527975e-05,0.0003389844720475037,8,4,16,2,64
395319,UNSEEN_MEANSCALING,TRANSFORMER_LARGE,2,-0.5561480829690586,0.7238523396635509,0.9318598004621914,65.5858583293921,0.398871578417623,3.5995341516949697,3.7563547316527975e-05,0.0003389844720475037,8,4,16,2,64
395319,UNSEEN_MEANSCALING,TRANSFORMER_LARGE,3,-0.5797082029465317,0.7284880160425181,0.9393318382115986,66.49182669314081,0.398871578417623,3.5995341516949697,3.7563547316527975e-05,0.0003389844720475037,8,4,16,2,64
395319,UNSEEN_MEANSCALING,TRANSFORMER_LARGE,4,-0.49966528308886415,0.7105958831943925,0.915645134694095,65.03332430232312,0.398871578417623,3.5995341516949697,3.7563547316527975e-05,0.0003389844720475037,8,4,16,2,64
395327,TRAIN,TRANSFORMER_LARGE,1,0.9949932125563731,0.00434827332512712,0.008400394353305569,1.932963564822144,0.398871578417623,3.5995341516949697,4.0478017202647084e-05,0.0003652855033989738,8,4,16,2,64
395327,TRAIN,TRANSFORMER_LARGE,2,0.9860786874138925,0.006663559758430624,0.014008888517333768,2.8295665238129186,0.398871578417623,3.5995341516949697,4.0478017202647084e-05,0.0003652855033989738,8,4,16,2,64
395327,TRAIN,TRANSFORMER_LARGE,3,0.9711150192527632,0.010147790187779239,0.020181582108851702,4.103064002239935,0.398871578417623,3.5995341516949697,4.0478017202647084e-05,0.0003652855033989738,8,4,16,2,64
395327,TRAIN,TRANSFORMER_LARGE,4,0.9512134220597405,0.013066348679968618,0.02623158764713984,5.2180214732513965,0.398871578417623,3.5995341516949697,4.0478017202647084e-05,0.0003652855033989738,8,4,16,2,64
395343,TRAIN,TRANSFORMER_LARGE,1,0.9363026544536647,0.006175646184490702,0.01356195100776405,6.4555502308697,0.398871578417623,3.5995341516949697,4.1434267027480934e-05,0.0003739149823798951,8,4,16,2,64
395343,TRAIN,TRANSFORMER_LARGE,2,0.8775037791436346,0.009741898435849347,0.018776363916361023,10.60181065202887,0.398871578417623,3.5995341516949697,4.1434267027480934e-05,0.0003739149823798951,8,4,16,2,64
395343,TRAIN,TRANSFORMER_LARGE,3,0.8303491496846316,0.012333657470320914,0.02205766345426084,13.573929941801516,0.398871578417623,3.5995341516949697,4.1434267027480934e-05,0.0003739149823798951,8,4,16,2,64
395343,TRAIN,TRANSFORMER_LARGE,4,0.7930566288357059,0.014057509511014104,0.024342383823073726,15.628932042312417,0.398871578417623,3.5995341516949697,4.1434267027480934e-05,0.0003739149823798951,8,4,16,2,64
395350,TRAIN,TRANSFORMER_LARGE,1,0.9943686289871561,0.0008646960671385851,0.0016354187897584872,0.9778316596072545,0.398871578417623,3.5995341516949697,3.91861064663954e-05,0.000353626921871236,8,4,16,2,64
395350,TRAIN,TRANSFORMER_LARGE,2,0.9905252949043751,0.0011482536169807513,0.0021208543557847217,1.306727677248692,0.398871578417623,3.5995341516949697,3.91861064663954e-05,0.000353626921871236,8,4,16,2,64
395350,TRAIN,TRANSFORMER_LARGE,3,0.9867786824843896,0.0015280865279795794,0.0025048924343653066,1.73144004823302,0.398871578417623,3.5995341516949697,3.91861064663954e-05,0.000353626921871236,8,4,16,2,64
395350,TRAIN,TRANSFORMER_LARGE,4,0.9827583258555361,0.0017884753852014906,0.002860064635063077,2.0236170371769555,0.398871578417623,3.5995341516949697,3.91861064663954e-05,0.000353626921871236,8,4,16,2,64
395368,TRAIN,TRANSFORMER_LARGE,1,0.9881181315114435,0.0017441805618982485,0.002904975862250226,1.9389586051940908,0.398871578417623,3.5995341516949697,3.838664372302315e-05,0.00034641233551441317,8,4,16,2,64
395368,TRAIN,TRANSFORMER_LARGE,2,0.9783334401981392,0.0022091937518194716,0.003923593402470854,2.470550924625939,0.398871578417623,3.5995341516949697,3.838664372302315e-05,0.00034641233551441317,8,4,16,2,64
395368,TRAIN,TRANSFORMER_LARGE,3,0.9645090839327901,0.002972277977533528,0.005024910052043835,3.2928476324703704,0.398871578417623,3.5995341516949697,3.838664372302315e-05,0.00034641233551441317,8,4,16,2,64
395368,TRAIN,TRANSFORMER_LARGE,4,0.9499989492457803,0.0035599795809854256,0.005976900570063796,3.931143623763388,0.398871578417623,3.5995341516949697,3.838664372302315e-05,0.00034641233551441317,8,4,16,2,64
395376,TRAIN,TRANSFORMER_LARGE,1,0.9816118421163712,0.0017121500636251685,0.0029174326142203787,0.6432033486257467,0.398871578417623,3.5995341516949697,4.2082488400135616e-05,0.00037976472223347305,8,4,16,2,64
395376,TRAIN,TRANSFORMER_LARGE,2,0.9742399284560083,0.002048600596015102,0.0034561786775627237,0.772694028615421,0.398871578417623,3.5995341516949697,4.2082488400135616e-05,0.00037976472223347305,8,4,16,2,64
395376,TRAIN,TRANSFORMER_LARGE,3,0.9688892969659025,0.002348358889149336,0.0038020247418462058,0.8893950129185403,0.398871578417623,3.5995341516949697,4.2082488400135616e-05,0.00037976472223347305,8,4,16,2,64
395376,TRAIN,TRANSFORMER_LARGE,4,0.963719099135586,0.0026073428122725985,0.004109711163645585,0.9897153109305172,0.398871578417623,3.5995341516949697,4.2082488400135616e-05,0.00037976472223347305,8,4,16,2,64
395400,TRAIN,TRANSFORMER_LARGE,1,0.46338851331290987,0.008200218239579863,0.026347488360290862,8.64990591038024,0.398871578417623,3.5995341516949697,3.520389212584659e-05,0.00031769025128908956,8,4,16,2,64
395400,TRAIN,TRANSFORMER_LARGE,2,0.2319725318806124,0.010893530154298073,0.03148434927834431,12.023014009192368,0.398871578417623,3.5995341516949697,3.520389212584659e-05,0.00031769025128908956,8,4,16,2,64
395400,TRAIN,TRANSFORMER_LARGE,3,0.12225906595690317,0.012636473498046145,0.033641057856036646,14.21497297286768,0.398871578417623,3.5995341516949697,3.520389212584659e-05,0.00031769025128908956,8,4,16,2,64
395400,TRAIN,TRANSFORMER_LARGE,4,0.07497844866608638,0.013628986974411332,0.03452726035384747,15.615275552374127,0.398871578417623,3.5995341516949697,3.520389212584659e-05,0.00031769025128908956,8,4,16,2,64
395426,TRAIN,TRANSFORMER_LARGE,1,0.9719989152221563,0.0005137667870302583,0.0010770166955548796,1.6593949397207142,0.398871578417623,3.5995341516949697,3.948281007959259e-05,0.0003563044623289228,8,4,16,2,64
395426,TRAIN,TRANSFORMER_LARGE,2,0.9171485809798448,0.0006806475848260743,0.0018554073018433352,2.175510264111407,0.398871578417623,3.5995341516949697,3.948281007959259e-05,0.0003563044623289228,8,4,16,2,64
395426,TRAIN,TRANSFORMER_LARGE,3,0.8540877090557402,0.0008546229474520812,0.0024665241078204556,2.687044769709791,0.398871578417623,3.5995341516949697,3.948281007959259e-05,0.0003563044623289228,8,4,16,2,64
395426,TRAIN,TRANSFORMER_LARGE,4,0.7950956525672959,0.0010113512625066652,0.0029278518223745543,3.163625322923003,0.398871578417623,3.5995341516949697,3.948281007959259e-05,0.0003563044623289228,8,4,16,2,64
395434,TRAIN,TRANSFORMER_LARGE,1,0.8790081547073916,0.01654147935567967,0.0412747243348141,2.4982037423992396,0.398871578417623,3.5995341516949697,3.5946509046585955e-05,0.0003243918442640324,8,4,16,2,64
395434,TRAIN,TRANSFORMER_LARGE,2,0.7835620495613572,0.024039319974964557,0.055215167098755076,3.5992957285647753,0.398871578417623,3.5995341516949697,3.5946509046585955e-05,0.0003243918442640324,8,4,16,2,64
395434,TRAIN,TRANSFORMER_LARGE,3,0.7156531489204492,0.03099811977475379,0.06329707123186248,4.62682808186125,0.398871578417623,3.5995341516949697,3.5946509046585955e-05,0.0003243918442640324,8,4,16,2,64
395434,TRAIN,TRANSFORMER_LARGE,4,0.6682683972069813,0.03667509138922296,0.06836305021466092,5.513321145975866,0.398871578417623,3.5995341516949697,3.5946509046585955e-05,0.0003243918442640324,8,4,16,2,64
395483,TRAIN,TRANSFORMER_LARGE,1,0.9029719561954683,0.006063098312597523,0.014881547031549716,3.988788796690901,0.398871578417623,3.5995341516949697,2.3811958332800712e-05,0.00021488609837202392,8,4,16,2,64
395483,TRAIN,TRANSFORMER_LARGE,2,0.8246539490836383,0.00817779043495363,0.01996234637515161,5.020978496934542,0.398871578417623,3.5995341516949697,2.3811958332800712e-05,0.00021488609837202392,8,4,16,2,64
395483,TRAIN,TRANSFORMER_LARGE,3,0.6247703171471651,0.01065779201907743,0.031637322084531364,6.002434225654392,0.398871578417623,3.5995341516949697,2.3811958332800712e-05,0.00021488609837202392,8,4,16,2,64
395483,TRAIN,TRANSFORMER_LARGE,4,0.4620360096580426,0.013635900921305153,0.041396840929441986,7.328091341661706,0.398871578417623,3.5995341516949697,2.3811958332800712e-05,0.00021488609837202392,8,4,16,2,64
395509,TRAIN,TRANSFORMER_LARGE,1,0.9664023922603205,0.005662012462470961,0.014091350672354275,4.034081692405485,0.398871578417623,3.5995341516949697,4.019786831711876e-05,0.00036275735766089196,8,4,16,2,64
395509,TRAIN,TRANSFORMER_LARGE,2,0.9158321451744419,0.009531699048827424,0.02238676720532902,6.691595894161933,0.398871578417623,3.5995341516949697,4.019786831711876e-05,0.00036275735766089196,8,4,16,2,64
395509,TRAIN,TRANSFORMER_LARGE,3,0.8709296963994019,0.012823485997374703,0.027781184763604177,8.89689619108557,0.398871578417623,3.5995341516949697,4.019786831711876e-05,0.00036275735766089196,8,4,16,2,64
395509,TRAIN,TRANSFORMER_LARGE,4,0.8294109348088335,0.015301644097995075,0.03197359012699616,10.52331253398874,0.398871578417623,3.5995341516949697,4.019786831711876e-05,0.00036275735766089196,8,4,16,2,64
395533,UNSEEN_MEANSCALING,TRANSFORMER_LARGE,1,0.9514060156785581,0.008060283162800668,0.014215287895599383,10.291462250390127,0.398871578417623,3.5995341516949697,3.679651701452667e-05,0.0003320625655572201,8,4,16,2,64
395533,UNSEEN_MEANSCALING,TRANSFORMER_LARGE,2,0.9438039687722855,0.008456496348145656,0.015284829124759404,10.430840532029602,0.398871578417623,3.5995341516949697,3.679651701452667e-05,0.0003320625655572201,8,4,16,2,64
395533,UNSEEN_MEANSCALING,TRANSFORMER_LARGE,3,0.9354449156342645,0.009010541618463838,0.01638006186730396,10.851684112006494,0.398871578417623,3.5995341516949697,3.679651701452667e-05,0.0003320625655572201,8,4,16,2,64
395533,UNSEEN_MEANSCALING,TRANSFORMER_LARGE,4,0.9199986803506117,0.010045834012552688,0.018232299133628404,11.703969721376074,0.398871578417623,3.5995341516949697,3.679651701452667e-05,0.0003320625655572201,8,4,16,2,64
395541,TRAIN,TRANSFORMER_LARGE,1,0.932993414671557,0.009615514876907394,0.019697398950034233,11.321484593465959,0.398871578417623,3.5995341516949697,2.8857844386864735e-05,0.00026042165457590096,8,4,16,2,64
395541,TRAIN,TRANSFORMER_LARGE,2,0.8484815063526843,0.01608586826624584,0.029687801382142397,19.61518274920408,0.398871578417623,3.5995341516949697,2.8857844386864735e-05,0.00026042165457590096,8,4,16,2,64
395541,TRAIN,TRANSFORMER_LARGE,3,0.7711756239341276,0.02150910777712244,0.036545061502774555,27.097605236470773,0.398871578417623,3.5995341516949697,2.8857844386864735e-05,0.00026042165457590096,8,4,16,2,64
395541,TRAIN,TRANSFORMER_LARGE,4,0.7105106520259072,0.025690916726878968,0.04119616568819809,33.114527751612904,0.398871578417623,3.5995341516949697,2.8857844386864735e-05,0.00026042165457590096,8,4,16,2,64
395582,TRAIN,TRANSFORMER_LARGE,1,0.6817056818322663,0.0012321428591375745,0.0018193261401986875,44.50651091009903,0.398871578417623,3.5995341516949697,2.2495029057678803e-05,0.00020300174220913624,8,4,16,2,64
395582,TRAIN,TRANSFORMER_LARGE,2,0.631555927468536,0.0013877472180381183,0.0019567752235245504,47.099952331558164,0.398871578417623,3.5995341516949697,2.2495029057678803e-05,0.00020300174220913624,8,4,16,2,64
395582,TRAIN,TRANSFORMER_LARGE,3,0.5436696438212402,0.001558093778542161,0.0021773310662532275,49.612966399038626,0.398871578417623,3.5995341516949697,2.2495029057678803e-05,0.00020300174220913624,8,4,16,2,64
395582,TRAIN,TRANSFORMER_LARGE,4,0.443889009171594,0.0017595895633864263,0.002402747406550785,52.450579649916165,0.398871578417623,3.5995341516949697,2.2495029057678803e-05,0.00020300174220913624,8,4,16,2,64
395731,TRAIN,TRANSFORMER_LARGE,1,0.9840241120572873,0.0008155106595248071,0.0018707058069930241,2.4481067098118685,0.398871578417623,3.5995341516949697,3.39693383579006e-05,0.0003065492758717522,8,4,16,2,64
395731,TRAIN,TRANSFORMER_LARGE,2,0.961175120863349,0.0011461177206134514,0.0029213157095603634,3.3850656837843904,0.398871578417623,3.5995341516949697,3.39693383579006e-05,0.0003065492758717522,8,4,16,2,64
395731,TRAIN,TRANSFORMER_LARGE,3,0.9393444419705245,0.001626998344556521,0.0036578195011429983,4.740320680634544,0.398871578417623,3.5995341516949697,3.39693383579006e-05,0.0003065492758717522,8,4,16,2,64
395731,TRAIN,TRANSFORMER_LARGE,4,0.9177886442773207,0.002027576877499459,0.004266590175716555,5.921080130174962,0.398871578417623,3.5995341516949697,3.39693383579006e-05,0.0003065492758717522,8,4,16,2,64
395749,TRAIN,TRANSFORMER_LARGE,1,0.039081608231015696,0.0024723484966052882,0.0077752909423261015,3.7188740816988015,0.398871578417623,3.5995341516949697,1.9097368351509647e-05,0.00017234025513039787,8,4,16,2,64
395749,TRAIN,TRANSFORMER_LARGE,2,-0.14747520094238875,0.002938220477841621,0.008265292352135155,4.629924110636648,0.398871578417623,3.5995341516949697,1.9097368351509647e-05,0.00017234025513039787,8,4,16,2,64
395749,TRAIN,TRANSFORMER_LARGE,3,-0.2661352440136042,0.0031954758545406463,0.008648791307477479,5.123333778999481,0.398871578417623,3.5995341516949697,1.9097368351509647e-05,0.00017234025513039787,8,4,16,2,64
395749,TRAIN,TRANSFORMER_LARGE,4,-0.23630248537982967,0.0031920902840419313,0.008551271906843834,5.145465613609385,0.398871578417623,3.5995341516949697,1.9097368351509647e-05,0.00017234025513039787,8,4,16,2,64
395756,TRAIN,TRANSFORMER_LARGE,1,0.9875544369790684,0.010194297983951642,0.022665821386120038,3.127196052017352,0.398871578417623,3.5995341516949697,3.882157435969507e-05,0.00035033727718744427,8,4,16,2,64
395756,TRAIN,TRANSFORMER_LARGE,2,0.9630264522131545,0.01790115935580118,0.0390651279836331,5.392604194059316,0.398871578417623,3.5995341516949697,3.882157435969507e-05,0.00035033727718744427,8,4,16,2,64
395756,TRAIN,TRANSFORMER_LARGE,3,0.9357017492547846,0.024734910534583706,0.05151387696861637,7.451577558721739,0.398871578417623,3.5995341516949697,3.882157435969507e-05,0.00035033727718744427,8,4,16,2,64
395756,TRAIN,TRANSFORMER_LARGE,4,0.9071130024921603,0.030326557006302997,0.061912624829725656,9.021361518342271,0.398871578417623,3.5995341516949697,3.882157435969507e-05,0.00035033727718744427,8,4,16,2,64
395764,TRAIN,TRANSFORMER_LARGE,1,0.4484873494831132,0.36142935126612324,0.8173471152114851,33.82062712914776,0.398871578417623,3.5995341516949697,3.602625493493358e-05,0.0003251114945577517,8,4,16,2,64
395764,TRAIN,TRANSFORMER_LARGE,2,0.3114130453689924,0.4405098018923188,0.9168931359845001,44.046929349674166,0.398871578417623,3.5995341516949697,3.602625493493358e-05,0.0003251114945577517,8,4,16,2,64
395764,TRAIN,TRANSFORMER_LARGE,3,0.25726929764961537,0.47881813649204064,0.9510009095073002,53.897955585354545,0.398871578417623,3.5995341516949697,3.602625493493358e-05,0.0003251114945577517,8,4,16,2,64
395764,TRAIN,TRANSFORMER_LARGE,4,0.23659982373505561,0.4990825061800964,0.9660342180267737,58.04588051866263,0.398871578417623,3.5995341516949697,3.602625493493358e-05,0.0003251114945577517,8,4,16,2,64
395772,TRAIN,TRANSFORMER_LARGE,1,0.8740898888417685,0.03596313741863879,0.07787382142339197,10.08867224647233,0.398871578417623,3.5995341516949697,3.980987842105314e-05,0.00035925602300340345,8,4,16,2,64
395772,TRAIN,TRANSFORMER_LARGE,2,0.7763630375323424,0.05268157159633978,0.10380975523995764,15.462635702147677,0.398871578417623,3.5995341516949697,3.980987842105314e-05,0.00035925602300340345,8,4,16,2,64
395772,TRAIN,TRANSFORMER_LARGE,3,0.7184418477280696,0.06262525193552095,0.11650421146656911,19.084181167754938,0.398871578417623,3.5995341516949697,3.980987842105314e-05,0.00035925602300340345,8,4,16,2,64
395772,TRAIN,TRANSFORMER_LARGE,4,0.6847593859635921,0.06808334288406999,0.12330778636954533,21.262479241299026,0.398871578417623,3.5995341516949697,3.980987842105314e-05,0.00035925602300340345,8,4,16,2,64
396192,TRAIN,TRANSFORMER_LARGE,1,0.980612868993763,0.0021386186922302346,0.004351883951012533,1.2698947816896509,0.398871578417623,3.5995341516949697,3.7868759835163976e-05,0.0003417387993643647,8,4,16,2,64
396192,TRAIN,TRANSFORMER_LARGE,2,0.9583141517362376,0.003241006818751206,0.006395033181477157,1.9811133805994756,0.398871578417623,3.5995341516949697,3.7868759835163976e-05,0.0003417387993643647,8,4,16,2,64
396192,TRAIN,TRANSFORMER_LARGE,3,0.9315890671913625,0.0045296556804954695,0.00821459961821,2.825113071023903,0.398871578417623,3.5995341516949697,3.7868759835163976e-05,0.0003417387993643647,8,4,16,2,64
396192,TRAIN,TRANSFORMER_LARGE,4,0.8955977628689012,0.005732996955424196,0.010178548195253767,3.6036039263005075,0.398871578417623,3.5995341516949697,3.7868759835163976e-05,0.0003417387993643647,8,4,16,2,64
396226,TRAIN,TRANSFORMER_LARGE,1,0.9877565111519042,0.0012262616848195778,0.0016227112128744433,1.6470691609412451,0.398871578417623,3.5995341516949697,3.958292618812099e-05,0.00035720793946613174,8,4,16,2,64
396226,TRAIN,TRANSFORMER_LARGE,2,0.9875629480692762,0.001256551900129384,0.0016355319880076084,1.685555250292542,0.398871578417623,3.5995341516949697,3.958292618812099e-05,0.00035720793946613174,8,4,16,2,64
396226,TRAIN,TRANSFORMER_LARGE,3,0.9861895052271725,0.0013313005237989778,0.0017235312157281647,1.782588583056403,0.398871578417623,3.5995341516949697,3.958292618812099e-05,0.00035720793946613174,8,4,16,2,64
396226,TRAIN,TRANSFORMER_LARGE,4,0.9834124154232269,0.0014548140819272486,0.0018889535344993821,1.9474485903632068,0.398871578417623,3.5995341516949697,3.958292618812099e-05,0.00035720793946613174,8,4,16,2,64
396291,TRAIN,TRANSFORMER_LARGE,1,0.9912499003333733,0.009633792414707708,0.01636531698062622,2.5498338770130182,0.398871578417623,3.5995341516949697,4.103381011836148e-05,0.0003703011417388142,8,4,16,2,64
396291,TRAIN,TRANSFORMER_LARGE,2,0.9775410811762444,0.014708906646996369,0.026218165356106223,3.7004234912690954,0.398871578417623,3.5995341516949697,4.103381011836148e-05,0.0003703011417388142,8,4,16,2,64
396291,TRAIN,TRANSFORMER_LARGE,3,0.9601101313331425,0.0195927008243673,0.03494062688613903,4.812545441219818,0.398871578417623,3.5995341516949697,4.103381011836148e-05,0.0003703011417388142,8,4,16,2,64
396291,TRAIN,TRANSFORMER_LARGE,4,0.9402938677496289,0.02428682207814203,0.04274637577175545,5.981752210719705,0.398871578417623,3.5995341516949697,4.103381011836148e-05,0.0003703011417388142,8,4,16,2,64
396333,TRAIN,TRANSFORMER_LARGE,1,0.8968628019856958,0.002284602806013782,0.0042067200648987155,1.4231005436809843,0.398871578417623,3.5995341516949697,3.548046423956958e-05,0.000320186119188983,8,4,16,2,64
396333,TRAIN,TRANSFORMER_LARGE,2,0.8340374780463773,0.003035763992808917,0.005329538730501239,1.9120400734542708,0.398871578417623,3.5995341516949697,3.548046423956958e-05,0.000320186119188983,8,4,16,2,64
396333,TRAIN,TRANSFORMER_LARGE,3,0.8024668777383203,0.003380941786089769,0.005808088253424636,2.143187664873902,0.398871578417623,3.5995341516949697,3.548046423956958e-05,0.000320186119188983,8,4,16,2,64
396333,TRAIN,TRANSFORMER_LARGE,4,0.767659688700242,0.0037305410883675828,0.006296238204431422,2.365843227305032,0.398871578417623,3.5995341516949697,3.548046423956958e-05,0.000320186119188983,8,4,16,2,64
396440,TRAIN,TRANSFORMER_LARGE,1,0.9209343380440489,0.0005357421681246564,0.0010584334571192902,3.396694897612815,0.398871578417623,3.5995341516949697,4.21244946779283e-05,0.0003801437992088249,8,4,16,2,64
396440,TRAIN,TRANSFORMER_LARGE,2,0.9673172193534626,0.0003779069372508264,0.0006805295387901291,2.3872213229294723,0.398871578417623,3.5995341516949697,4.21244946779283e-05,0.0003801437992088249,8,4,16,2,64
396440,TRAIN,TRANSFORMER_LARGE,3,0.9889667616757545,0.00026765742426633206,0.0003954194489587645,1.600652386133512,0.398871578417623,3.5995341516949697,4.21244946779283e-05,0.0003801437992088249,8,4,16,2,64
396440,TRAIN,TRANSFORMER_LARGE,4,0.9191247118849976,0.0005844425485516001,0.0010706169095874396,3.6279988091353337,0.398871578417623,3.5995341516949697,4.21244946779283e-05,0.0003801437992088249,8,4,16,2,64
396564,UNSEEN_MEANSCALING,TRANSFORMER_LARGE,1,0.6789804551631025,0.03547159046863571,0.05645170600454974,11.062391917554566,0.398871578417623,3.5995341516949697,3.793803139287492e-05,0.00034236392622527274,8,4,16,2,64
396564,UNSEEN_MEANSCALING,TRANSFORMER_LARGE,2,0.628809203432148,0.03751599629141161,0.06061563497908321,12.041679708317195,0.398871578417623,3.5995341516949697,3.793803139287492e-05,0.00034236392622527274,8,4,16,2,64
396564,UNSEEN_MEANSCALING,TRANSFORMER_LARGE,3,0.5975400464434842,0.03888046449911394,0.06302212094865646,12.84515434691127,0.398871578417623,3.5995341516949697,3.793803139287492e-05,0.00034236392622527274,8,4,16,2,64
396564,UNSEEN_MEANSCALING,TRANSFORMER_LARGE,4,0.5414761827548527,0.04204374097467958,0.06717281064907747,14.253648540325358,0.398871578417623,3.5995341516949697,3.793803139287492e-05,0.00034236392622527274,8,4,16,2,64
396705,UNSEEN,TRANSFORMER_LARGE,1,0.9731607444955769,0.009476473349455625,0.01890118896619084,6.1910265492489085,0.398871578417623,3.5995341516949697,3.910681253425419e-05,0.00035291135016292635,8,4,16,2,64
396705,UNSEEN,TRANSFORMER_LARGE,2,0.9269231407936106,0.015114990339894057,0.031189659278404096,9.049007906227738,0.398871578417623,3.5995341516949697,3.910681253425419e-05,0.00035291135016292635,8,4,16,2,64
396705,UNSEEN,TRANSFORMER_LARGE,3,0.8866965514356352,0.020094859047749457,0.03883812184052684,12.648065398314797,0.398871578417623,3.5995341516949697,3.910681253425419e-05,0.00035291135016292635,8,4,16,2,64
396705,UNSEEN,TRANSFORMER_LARGE,4,0.8558229760850136,0.023101354249880517,0.04381276778612506,13.92439637586302,0.398871578417623,3.5995341516949697,3.910681253425419e-05,0.00035291135016292635,8,4,16,2,64
396721,UNSEEN_MEANSCALING,TRANSFORMER_LARGE,1,0.47190234892922356,0.01141145049670174,0.015328943938497366,33.18984690571163,0.398871578417623,3.5995341516949697,3.7583088973232084e-05,0.00033916082169108114,8,4,16,2,64
396721,UNSEEN_MEANSCALING,TRANSFORMER_LARGE,2,0.7983605729811267,0.007771405298937562,0.009475186713799587,24.55876688811413,0.398871578417623,3.5995341516949697,3.7583088973232084e-05,0.00033916082169108114,8,4,16,2,64
396721,UNSEEN_MEANSCALING,TRANSFORMER_LARGE,3,0.8102447499987209,0.00771627021495656,0.00919434328774049,23.754539406686373,0.398871578417623,3.5995341516949697,3.7583088973232084e-05,0.00033916082169108114,8,4,16,2,64
396721,UNSEEN_MEANSCALING,TRANSFORMER_LARGE,4,0.7554153251554798,0.008755491209949473,0.010441013174910259,26.090115819785183,0.398871578417623,3.5995341516949697,3.7583088973232084e-05,0.00033916082169108114,8,4,16,2,64
